{
    "type": "panel",
    "name": "Polystat",
    "id": "grafana-polystat-panel",
    "info": {
        "description": "Polystat panel for Grafana",
        "author": {
            "name": "Grafana Project",
            "url": "https://github.com/grafana/grafana-polystat-panel"
        },
        "keywords": ["hexbin", "honeycomb", "panel"],
        "logos": {
            "small": "img/polystat.svg",
            "large": "img/polystat.svg"
        },
        "links": [{
            "name": "Project site",
            "url": "https://github.com/grafana/grafana-polystat-panel"
        }, {
            "name": "Apache-2.0",
            "url": "https://github.com/grafana/grafana-polystat-panel/blob/master/LICENSE.md"
        }],
        "screenshots": [{
            "name": "Showcase",
            "path": "screenshots/polystat-composite-example1.png"
        }, {
            "name": "Animation",
            "path": "screenshots/polystat-animate1.gif"
        }, {
            "name": "Options",
            "path": "screenshots/polystat-options-all.png"
        }, {
            "name": "Overrides",
            "path": "screenshots/polystat-overrides-all.png"
        }, {
            "name": "Tooltips",
            "path": "screenshots/polystat-tooltip.png"
        }
        ,{
            "name": "Composites",
            "path": "screenshots/polystat-composites-all.png"
        }],
        "version": "1.0.16",
        "updated": "2019-03-19"
    },

    "dependencies": {
        "grafanaVersion": "4.x.x",
        "plugins": []
    }
}
