{
  "annotations": {
    "list": [
      {
        "builtIn": 1,
        "datasource": "-- Grafana --",
        "enable": true,
        "hide": true,
        "iconColor": "rgba(0, 211, 255, 1)",
        "name": "Annotations & Alerts",
        "type": "dashboard"
      }
    ]
  },
  "editable": true,
  "gnetId": null,
  "graphTooltip": 0,
  "iteration": 1594095549712,
  "links": [],
  "panels": [
    {
      "aliasColors": {},
      "bars": false,
      "dashLength": 10,
      "dashes": false,
      "datasource": "clickhouse",
      "description": "see https://github.com/Vertamedia/clickhouse-grafana/issues/141",
      "fieldConfig": {
        "defaults": {
          "custom": {}
        },
        "overrides": []
      },
      "fill": 1,
      "fillGradient": 0,
      "gridPos": {
        "h": 9,
        "w": 12,
        "x": 0,
        "y": 0
      },
      "hiddenSeries": false,
      "id": 2,
      "legend": {
        "avg": false,
        "current": false,
        "max": false,
        "min": false,
        "show": true,
        "total": false,
        "values": false
      },
      "lines": true,
      "linewidth": 1,
      "nullPointMode": "null",
      "options": {
        "dataLinks": []
      },
      "percentage": false,
      "pointradius": 2,
      "points": false,
      "renderer": "flot",
      "seriesOverrides": [],
      "spaceLength": 10,
      "stack": false,
      "steppedLine": false,
      "targets": [
        {
          "database": "default",
          "dateColDataType": "",
          "dateLoading": false,
          "dateTimeColDataType": "event_time",
          "dateTimeType": "DATETIME",
          "datetimeLoading": false,
          "extrapolate": true,
          "format": "time_series",
          "formattedQuery": "SELECT $timeSeries as t, count() FROM $table WHERE $timeFilter GROUP BY t ORDER BY t",
          "interval": "",
          "intervalFactor": 1,
          "query": "SELECT\n    $timeSeries as t,\n    count()\nFROM $template_db.$template_table\nWHERE $timeFilter\nGROUP BY t\nORDER BY t",
          "rawQuery": "SELECT     (intDiv(toUInt32(event_time), 20) * 20) * 1000 as t,     count() FROM default.test_grafana WHERE event_time >= toDateTime(1594074086) GROUP BY t ORDER BY t",
          "refId": "A",
          "round": "0s",
          "table": "test_grafana",
          "tableLoading": false
        }
      ],
      "thresholds": [],
      "timeFrom": null,
      "timeRegions": [],
      "timeShift": null,
      "title": "Database as template variable",
      "tooltip": {
        "shared": true,
        "sort": 0,
        "value_type": "individual"
      },
      "type": "graph",
      "xaxis": {
        "buckets": null,
        "mode": "time",
        "name": null,
        "show": true,
        "values": []
      },
      "yaxes": [
        {
          "$$hashKey": "object:64",
          "format": "short",
          "label": null,
          "logBase": 1,
          "max": null,
          "min": null,
          "show": true
        },
        {
          "$$hashKey": "object:65",
          "format": "short",
          "label": null,
          "logBase": 1,
          "max": null,
          "min": null,
          "show": true
        }
      ],
      "yaxis": {
        "align": false,
        "alignLevel": null
      }
    }
  ],
  "schemaVersion": 25,
  "style": "dark",
  "tags": [],
  "templating": {
    "list": [
      {
        "allValue": null,
        "current": {
          "selected": false,
          "text": "default",
          "value": "default"
        },
        "datasource": "clickhouse",
        "definition": "SELECT name FROM system.databases",
        "hide": 0,
        "includeAll": false,
        "label": null,
        "multi": false,
        "name": "template_db",
        "options": [],
        "query": "SELECT name FROM system.databases",
        "refresh": 1,
        "regex": "",
        "skipUrlSync": false,
        "sort": 0,
        "tagValuesQuery": "",
        "tags": [],
        "tagsQuery": "",
        "type": "query",
        "useTags": false
      },
      {
        "allValue": null,
        "current": {
          "selected": false,
          "text": "test_grafana",
          "value": "test_grafana"
        },
        "datasource": "clickhouse",
        "definition": "SELECT name FROM system.tables WHERE database = '${template_db}'",
        "hide": 0,
        "includeAll": false,
        "label": null,
        "multi": false,
        "name": "template_table",
        "options": [],
        "query": "SELECT name FROM system.tables WHERE database = '${template_db}'",
        "refresh": 2,
        "regex": "",
        "skipUrlSync": false,
        "sort": 0,
        "tagValuesQuery": "",
        "tags": [],
        "tagsQuery": "",
        "type": "query",
        "useTags": false
      }
    ]
  },
  "time": {
    "from": "now-6h",
    "to": "now"
  },
  "timepicker": {
    "refresh_intervals": [
      "10s",
      "30s",
      "1m",
      "5m",
      "15m",
      "30m",
      "1h",
      "2h",
      "1d"
    ]
  },
  "timezone": "",
  "title": "database as template variable",
  "uid": "AOUe2EGGz",
  "version": 1
}