{
  "annotations": {
    "list": [
      {
        "builtIn": 1,
        "datasource": "-- Grafana --",
        "enable": true,
        "hide": true,
        "iconColor": "rgba(0, 211, 255, 1)",
        "name": "Annotations & Alerts",
        "type": "dashboard"
      }
    ]
  },
  "editable": true,
  "gnetId": null,
  "graphTooltip": 0,
  "id": 9,
  "iteration": 1594655313031,
  "links": [],
  "panels": [
    {
      "datasource": "clickhouse",
      "fieldConfig": {
        "defaults": {
          "custom": {
            "align": null
          },
          "mappings": [],
          "thresholds": {
            "mode": "absolute",
            "steps": [
              {
                "color": "green",
                "value": null
              },
              {
                "color": "red",
                "value": 80
              }
            ]
          }
        },
        "overrides": []
      },
      "gridPos": {
        "h": 9,
        "w": 12,
        "x": 0,
        "y": 0
      },
      "id": 2,
      "options": {
        "showHeader": true
      },
      "pluginVersion": "7.0.6",
      "targets": [
        {
          "database": "default",
          "dateColDataType": "",
          "dateLoading": false,
          "dateTimeColDataType": "d",
          "dateTimeType": "DATETIME",
          "datetimeLoading": false,
          "extrapolate": true,
          "format": "time_series",
          "formattedQuery": "SELECT $timeSeries as t, count() FROM $table WHERE $timeFilter GROUP BY t ORDER BY t",
          "interval": "",
          "intervalFactor": 1,
          "query": "SELECT\r\n    $timeSeries as t,\r\n    count(x) * $custom_interval\r\nFROM $table t\r\nwhere $timeFilter\r\nGROUP BY t\r\nORDER BY t",
          "rawQuery": "SELECT     (intDiv(toUInt32(d), 20) * 20) * 1000 as t,     count(x) * 1800 FROM default.test_interval t where d >= toDateTime(1594633722) GROUP BY t ORDER BY t",
          "refId": "A",
          "round": "0s",
          "table": "test_interval",
          "tableLoading": false
        }
      ],
      "timeFrom": null,
      "timeShift": null,
      "title": "$custom_interval test",
      "type": "table"
    }
  ],
  "schemaVersion": 25,
  "style": "dark",
  "tags": [],
  "templating": {
    "list": [
      {
        "allValue": null,
        "current": {
          "selected": true,
          "text": "30m",
          "value": "1800"
        },
        "datasource": "clickhouse",
        "definition": "SELECT (arrayJoin(variable) as x).1 AS __text, x.2 AS __value\nFROM (\n  SELECT\n    arrayMap((x, y) -> (x, y),\n        splitByChar(',', '1m,10m,30m,1h,6h,12h,1d,7d,14d,30d'),\n        splitByChar(',', '60,600,1800,3600,21600,43200,86400,604800,1209600,2592000')\n    ) AS variable\n)",
        "hide": 0,
        "includeAll": false,
        "label": null,
        "multi": false,
        "name": "custom_interval",
        "options": [
          {
            "selected": false,
            "text": "1m",
            "value": "60"
          },
          {
            "selected": false,
            "text": "10m",
            "value": "600"
          },
          {
            "selected": true,
            "text": "30m",
            "value": "1800"
          },
          {
            "selected": false,
            "text": "1h",
            "value": "3600"
          },
          {
            "selected": false,
            "text": "6h",
            "value": "21600"
          },
          {
            "selected": false,
            "text": "12h",
            "value": "43200"
          },
          {
            "selected": false,
            "text": "1d",
            "value": "86400"
          },
          {
            "selected": false,
            "text": "7d",
            "value": "604800"
          },
          {
            "selected": false,
            "text": "14d",
            "value": "1209600"
          },
          {
            "selected": false,
            "text": "30d",
            "value": "2592000"
          }
        ],
        "query": "SELECT (arrayJoin(variable) as x).1 AS __text, x.2 AS __value\nFROM (\n  SELECT\n    arrayMap((x, y) -> (x, y),\n        splitByChar(',', '1m,10m,30m,1h,6h,12h,1d,7d,14d,30d'),\n        splitByChar(',', '60,600,1800,3600,21600,43200,86400,604800,1209600,2592000')\n    ) AS variable\n)",
        "refresh": 0,
        "regex": "",
        "skipUrlSync": false,
        "sort": 0,
        "tagValuesQuery": "",
        "tags": [],
        "tagsQuery": "",
        "type": "query",
        "useTags": false
      }
    ]
  },
  "time": {
    "from": "now-6h",
    "to": "now"
  },
  "timepicker": {
    "refresh_intervals": [
      "10s",
      "30s",
      "1m",
      "5m",
      "15m",
      "30m",
      "1h",
      "2h",
      "1d"
    ]
  },
  "timezone": "",
  "title": "Interval variables dashboard",
  "uid": "Ob-wMInMz",
  "version": 4
}