{
  "annotations": {
    "list": [
      {
        "$$hashKey": "object:30",
        "builtIn": 1,
        "datasource": "-- Grafana --",
        "enable": true,
        "hide": true,
        "iconColor": "rgba(0, 211, 255, 1)",
        "name": "Annotations & Alerts",
        "type": "dashboard"
      }
    ]
  },
  "editable": true,
  "gnetId": null,
  "graphTooltip": 0,
  "iteration": 1595835607648,
  "links": [],
  "panels": [
    {
      "datasource": "postgres",
      "description": "see https://github.com/Vertamedia/clickhouse-grafana/issues/254",
      "fieldConfig": {
        "defaults": {
          "custom": {
            "align": null
          },
          "mappings": [],
          "thresholds": {
            "mode": "absolute",
            "steps": [
              {
                "color": "green",
                "value": null
              },
              {
                "color": "red",
                "value": 80
              }
            ]
          }
        },
        "overrides": []
      },
      "gridPos": {
        "h": 8,
        "w": 9,
        "x": 0,
        "y": 0
      },
      "id": 4,
      "options": {
        "showHeader": true
      },
      "pluginVersion": "7.1.1",
      "targets": [
        {
          "format": "table",
          "group": [],
          "metricColumn": "none",
          "rawQuery": true,
          "rawSql": "SELECT\n  '32E11' AS t1,\n  '32E1' AS t2,\n  'test' AS t3\nFROM test_grafana\nWHERE\n  $__timeFilter(event_time)\nORDER BY 1",
          "refId": "A",
          "select": [
            [
              {
                "params": [
                  "too_big_value"
                ],
                "type": "column"
              }
            ]
          ],
          "table": "test_grafana",
          "timeColumn": "event_time",
          "timeColumnType": "timestamp",
          "where": [
            {
              "name": "$__timeFilter",
              "params": [],
              "type": "macro"
            }
          ]
        }
      ],
      "timeFrom": null,
      "timeShift": null,
      "title": "PosrgeSQL + Table numeric 32E11 interperations",
      "type": "table"
    },
    {
      "aliasColors": {},
      "bars": false,
      "dashLength": 10,
      "dashes": false,
      "datasource": "postgres",
      "fieldConfig": {
        "defaults": {
          "custom": {},
          "links": []
        },
        "overrides": []
      },
      "fill": 1,
      "fillGradient": 0,
      "gridPos": {
        "h": 8,
        "w": 10,
        "x": 9,
        "y": 0
      },
      "hiddenSeries": false,
      "id": 2,
      "interval": "",
      "legend": {
        "avg": false,
        "current": false,
        "max": false,
        "min": false,
        "show": true,
        "total": false,
        "values": false
      },
      "lines": true,
      "linewidth": 1,
      "nullPointMode": "null",
      "percentage": false,
      "pluginVersion": "7.1.1",
      "pointradius": 2,
      "points": false,
      "renderer": "flot",
      "seriesOverrides": [],
      "spaceLength": 10,
      "stack": false,
      "steppedLine": false,
      "targets": [
        {
          "format": "time_series",
          "group": [],
          "metricColumn": "none",
          "rawQuery": true,
          "rawSql": "SELECT\n  $__timeGroupAlias(event_time,$__interval),\n  sum(too_big_value) AS \"too_big_value\"\nFROM test_grafana\nWHERE\n  $__timeFilter(event_time)\n  AND ARRAY_TO_STRING(ARRAY[service_name, ' test array'], ',') IN (${array_var})\nGROUP BY 1\nORDER BY 1",
          "refId": "A",
          "select": [
            [
              {
                "params": [
                  "too_big_value"
                ],
                "type": "column"
              }
            ]
          ],
          "table": "test_grafana",
          "timeColumn": "event_time",
          "timeColumnType": "timestamp",
          "where": [
            {
              "name": "$__timeFilter",
              "params": [],
              "type": "macro"
            }
          ]
        }
      ],
      "thresholds": [],
      "timeFrom": null,
      "timeRegions": [],
      "timeShift": null,
      "title": "Panel Title",
      "tooltip": {
        "shared": true,
        "sort": 0,
        "value_type": "individual"
      },
      "type": "graph",
      "xaxis": {
        "buckets": null,
        "mode": "time",
        "name": null,
        "show": true,
        "values": []
      },
      "yaxes": [
        {
          "$$hashKey": "object:83",
          "format": "short",
          "label": null,
          "logBase": 1,
          "max": null,
          "min": null,
          "show": true
        },
        {
          "$$hashKey": "object:84",
          "format": "short",
          "label": null,
          "logBase": 1,
          "max": null,
          "min": null,
          "show": true
        }
      ],
      "yaxis": {
        "align": false,
        "alignLevel": null
      }
    }
  ],
  "schemaVersion": 26,
  "style": "dark",
  "tags": [],
  "templating": {
    "list": [
      {
        "allValue": null,
        "current": {
          "selected": true,
          "text": "All",
          "value": [
            "$__all"
          ]
        },
        "datasource": "postgres",
        "definition": "SELECT DISTINCT ARRAY_TO_STRING(ARRAY[service_name, ' test array'], ',') FROM test_grafana",
        "hide": 0,
        "includeAll": true,
        "label": null,
        "multi": true,
        "name": "array_var",
        "options": [],
        "query": "SELECT DISTINCT ARRAY_TO_STRING(ARRAY[service_name, ' test array'], ',') FROM test_grafana",
        "refresh": 1,
        "regex": "",
        "skipUrlSync": false,
        "sort": 0,
        "tagValuesQuery": "",
        "tags": [],
        "tagsQuery": "",
        "type": "query",
        "useTags": false
      }
    ]
  },
  "time": {
    "from": "now-6h",
    "to": "now"
  },
  "timepicker": {
    "refresh_intervals": [
      "5s",
      "10s",
      "30s",
      "1m",
      "5m",
      "15m",
      "30m",
      "1h",
      "2h",
      "1d"
    ]
  },
  "timezone": "",
  "title": "postgres dashboard",
  "uid": "3jn2UdMGk",
  "version": 1
}