{
  "annotations": {
    "list": [
      {
        "builtIn": 1,
        "datasource": "-- Grafana --",
        "enable": true,
        "hide": true,
        "iconColor": "rgba(0, 211, 255, 1)",
        "name": "Annotations & Alerts",
        "type": "dashboard"
      }
    ]
  },
  "editable": true,
  "gnetId": null,
  "graphTooltip": 0,
  "id": 2,
  "links": [],
  "panels": [
    {
      "columns": [],
      "datasource": "clickhouse",
      "description": "",
      "fieldConfig": {
        "defaults": {
          "custom": {
            "align": null
          },
          "mappings": [],
          "thresholds": {
            "mode": "absolute",
            "steps": [
              {
                "color": "green",
                "value": null
              },
              {
                "color": "red",
                "value": 80
              }
            ]
          }
        },
        "overrides": [
          {
            "matcher": {
              "id": "byName",
              "options": "s"
            },
            "properties": [
              {
                "id": "decimals",
                "value": 3
              }
            ]
          },
          {
            "matcher": {
              "id": "byName",
              "options": "t_local"
            },
            "properties": [
              {
                "id": "unit",
                "value": "time: YYYY-MM-DD HH:mm:ss"
              }
            ]
          }
        ]
      },
      "fontSize": "100%",
      "gridPos": {
        "h": 9,
        "w": 12,
        "x": 0,
        "y": 0
      },
      "id": 2,
      "options": {
        "frameIndex": 1,
        "showHeader": true,
        "sortBy": [
          {
            "desc": false,
            "displayName": "t"
          }
        ]
      },
      "pageSize": null,
      "pluginVersion": "7.0.5",
      "showHeader": true,
      "sort": {
        "col": 0,
        "desc": true
      },
      "styles": [
        {
          "alias": "Time",
          "align": "auto",
          "dateFormat": "YYYY-MM-DD HH:mm:ss",
          "pattern": "Time",
          "type": "date"
        },
        {
          "alias": "",
          "align": "right",
          "colorMode": null,
          "colors": [
            "rgba(245, 54, 54, 0.9)",
            "rgba(237, 129, 40, 0.89)",
            "rgba(50, 172, 45, 0.97)"
          ],
          "decimals": 2,
          "pattern": "/.*/",
          "thresholds": [],
          "type": "number",
          "unit": "short"
        }
      ],
      "targets": [
        {
          "database": "default",
          "dateColDataType": "",
          "dateLoading": false,
          "dateTimeColDataType": "event_time",
          "dateTimeType": "DATETIME",
          "datetimeLoading": false,
          "extrapolate": true,
          "format": "table",
          "formattedQuery": "SELECT $timeSeries as t, count() FROM $table WHERE $timeFilter GROUP BY t ORDER BY t",
          "interval": "",
          "intervalFactor": 1,
          "query": "SELECT\n    toUInt64(event_time)*1000 as t_local,\n    event_time as t_orig,\n    count() c,\n    sum(too_big_value) s\nFROM $table\nWHERE $timeFilter\nGROUP BY t_local, t_orig\nORDER BY t_local",
          "rawQuery": "SELECT     toUInt64(event_time)*1000 as t_local,     event_time as t_orig,     count() c,     sum(too_big_value) s FROM default.test_grafana WHERE event_time >= toDateTime(1593417149) GROUP BY t_local, t_orig ORDER BY t_local",
          "refId": "A",
          "round": "0s",
          "table": "test_grafana",
          "tableLoading": false
        }
      ],
      "timeFrom": null,
      "timeShift": null,
      "title": "Table DateTime",
      "transform": "table",
      "type": "table"
    },
    {
      "columns": [],
      "datasource": "clickhouse",
      "description": "",
      "fieldConfig": {
        "defaults": {
          "custom": {
            "align": null
          },
          "mappings": [],
          "thresholds": {
            "mode": "absolute",
            "steps": [
              {
                "color": "green",
                "value": null
              },
              {
                "color": "red",
                "value": 80
              }
            ]
          }
        },
        "overrides": [
          {
            "matcher": {
              "id": "byName",
              "options": "s"
            },
            "properties": [
              {
                "id": "decimals",
                "value": 3
              }
            ]
          },
          {
            "matcher": {
              "id": "byName",
              "options": "t_local"
            },
            "properties": [
              {
                "id": "unit",
                "value": "time: YYYY-MM-DD HH:mm:ss"
              }
            ]
          }
        ]
      },
      "fontSize": "100%",
      "gridPos": {
        "h": 9,
        "w": 12,
        "x": 12,
        "y": 0
      },
      "id": 3,
      "options": {
        "frameIndex": 1,
        "showHeader": true,
        "sortBy": [
          {
            "desc": false,
            "displayName": "t"
          }
        ]
      },
      "pageSize": null,
      "pluginVersion": "7.0.5",
      "showHeader": true,
      "sort": {
        "col": 1,
        "desc": false
      },
      "styles": [
        {
          "alias": "Time",
          "align": "auto",
          "dateFormat": "YYYY-MM-DD HH:mm:ss",
          "pattern": "Time",
          "type": "date"
        },
        {
          "alias": "",
          "align": "right",
          "colorMode": null,
          "colors": [
            "rgba(245, 54, 54, 0.9)",
            "rgba(237, 129, 40, 0.89)",
            "rgba(50, 172, 45, 0.97)"
          ],
          "decimals": 2,
          "pattern": "/t_UInt64/",
          "thresholds": [],
          "type": "number",
          "unit": "short"
        }
      ],
      "targets": [
        {
          "database": "default",
          "dateColDataType": "",
          "dateLoading": false,
          "dateTimeColDataType": "event_time",
          "dateTimeType": "DATETIME",
          "datetimeLoading": false,
          "extrapolate": true,
          "format": "table",
          "formattedQuery": "SELECT $timeSeries as t, count() FROM $table WHERE $timeFilter GROUP BY t ORDER BY t",
          "interval": "",
          "intervalFactor": 1,
          "query": "SELECT\n    event_time as t_orig,\n    toUInt64(rand64() % 1000) AS t_UInt64\nFROM $table\nWHERE $timeFilter",
          "rawQuery": "SELECT     event_time as t_orig,     toUInt64(rand64() % 1000) AS t_UInt64 FROM default.test_grafana WHERE event_time >= toDateTime(1594739911)",
          "refId": "A",
          "round": "0s",
          "table": "test_grafana",
          "tableLoading": false
        }
      ],
      "timeFrom": null,
      "timeShift": null,
      "title": "Table UInt64 as number",
      "transform": "table",
      "type": "table"
    }
  ],
  "schemaVersion": 22,
  "style": "dark",
  "tags": [],
  "templating": {
    "list": []
  },
  "time": {
    "from": "now-7d",
    "to": "now"
  },
  "timepicker": {
    "refresh_intervals": [
      "5s",
      "10s",
      "30s",
      "1m",
      "5m",
      "15m",
      "30m",
      "1h",
      "2h",
      "1d"
    ]
  },
  "timezone": "",
  "title": "table examples dashboard",
  "uid": "bwewNfGGz",
  "version": 3
}
