{
  "id": "vertamedia-clickhouse-datasource",
  "type": "datasource",
  "name": "ClickHouse",
  "metrics": true,
  "annotations": true,
  "backend": true,
  "alerting": true,
  "executable": "vertamedia-clickhouse-plugin",
  "info": {
    "description": "ClickHouse datasource for Grafana",
    "author": {
      "name": "Vertamedia",
      "url": "https://vertamedia.com/"
    },
    "keywords": [
      "clickhouse",
      "datasource",
      "analytics",
      "timeseries"
    ],
    "logos": {
      "small": "img/clickhouse_logo.svg",
      "large": "img/clickhouse_logo.svg"
    },
    "links": [
      {
        "name": "GitHub",
        "url": "https://github.com/Vertamedia/clickhouse-grafana"
      }
    ],
    "version": "2.0.1"
  }
}
