{
  "type": "panel",
  "name": "Pie Chart",
  "id": "grafana-piechart-panel",

  "info": {
    "description": "Pie chart panel for grafana",
    "author": {
      "name": "Grafana Labs",
      "url": "http://grafana.com"
    },
    "keywords": ["piechart", "panel"],
    "logos": {
      "small": "src/img/piechart_logo_small.png",
      "large": "src/img/piechart_logo_large.png"
    },
    "links": [
      {"name": "Project site", "url": "https://github.com/grafana/piechart-panel"},
      {"name": "Blog Post", "url": "https://blog.raintank.io/friends-dont-let-friends-abuse-pie-charts/"},
      {"name": "MIT License", "url": "https://github.com/grafana/piechart-panel/blob/master/LICENSE"}
    ],
    "screenshots": [
      {"name": "Donut!", "path": "src/img/piechart-donut.png"},
      {"name": "Legend on the graph", "path": "src/img/piechart-legend-on-graph.png"},
      {"name": "Legend to the right", "path": "src/img/piechart-legend-rhs.png"},
      {"name": "Legend underneath", "path": "src/img/piechart-legend-under.png"},
      {"name": "Piechart options", "path": "src/img/piechart-options.png"}
    ],
    "version": "1.3.4",
    "updated": "2019-01-02"
  },

  "dependencies": {
    "grafanaVersion": "4.6",
    "plugins": [ ]
  }
}
