{
  "id": "vertamedia-clickhouse-datasource",
  "type": "datasource",
  "name": "ClickHouse",

  "metrics": true,
  "annotations": true,
  "alerting": false,

  "info": {
    "description": "ClickHouse datasource for Grafana",
    "author": {
      "name": "Vertamedia",
      "url": "https://vertamedia.com/"
    },
    "keywords": ["clickhouse"],
    "logos": {
      "small": "img/clickhouse_logo.svg",
      "large": "img/clickhouse_logo.svg"
    },
    "links": [
      {
        "name": "GitHub",
        "url": "https://github.com/Vertamedia/clickhouse-grafana"
      }
    ],
    "version": "1.9.0"
  }
}
