{
  "type": "panel",
  "name": "Diagram",
  "id": "jdbranham-diagram-panel",

  "info": {
    "description": "Diagram panel for grafana",
    "author": {
      "name": "Jeremy Branham",
      "url": "https://www.linkedin.com/in/jeremybranham/"
    },
    "contributors": [
      "Brian Gann (https://github.com/briangann)"
    ],
    "keywords": ["diagram", "panel"],
    "links": [
      {"name": "Project site", "url": "https://github.com/jdbranham/grafana-diagram"},
      {"name": "Apache License", "url": "https://github.com/jdbranham/grafana-diagram/blob/master/LICENSE"}
    ],
    "version": "1.6.2",
    "updated": "2019-07-04",
    "logos": {
        "small": "img/icn-diagram-panel.svg",
        "large": "img/icn-diagram-panel.svg"
    }
  },

  "dependencies": {
    "grafanaVersion": "6.x.x",
    "plugins": [ ]
  }
}
