{
    "type": "panel",
    "name": "Breadcrumb",
    "id": "digiapulssi-breadcrumb-panel",

    "info": {
        "description": "Breadcrumb Panel for Grafana",
        "author": {
            "name": "Digia Finland Ltd"
        },
        "keywords": ["breadcrumb", "panel"],
        "version": "1.1.5",
        "updated": "2019-03-20",
        "logos": {
            "small": "src/img/breadcrumb-icon.svg",
            "large": "src/img/breadcrumb-icon.svg"
        },
        "links": [
            {"name": "Project site", "url": "https://github.com/digiapulssi/grafana-breadcrumb-panel"}
        ],
        "screenshots": [
            {"name": "Showcase", "path": "src/img/breadcrumb-screenshot.png"}
        ]
    },
    "dependencies": {
        "grafanaVersion": "5.x.x",
        "plugins": [ ]
    }
}
