{
  "type": "panel",
  "name": "Boom Table",
  "id": "yesoreyeram-boomtable-panel",
  "info": {
    "description": "Boom table panel for Graphite, InfluxDB, Prometheus",
    "author": {
      "name": "Sriramajeyam Sugumaran",
      "url": "https://www.google.com/search?q=Sriramajeyam+Sugumaran"
    },
    "keywords": [
      "grafana",
      "plugin",
      "panel",
      "table",
      "graphite",
      "influxdb",
      "prometheus",
      "multi column",
      "time based thresholds"
    ],
    "links": [
      {
        "name": "Github",
        "url": "https://github.com/yesoreyeram/yesoreyeram-boomtable-panel"
      }
    ],
    "version": "0.4.6"
  },
  "dependencies": {
    "grafanaVersion": "4.x.x",
    "plugins": []
  }
}
