{
  "type": "panel",
  "name": "Pie Chart",
  "id": "grafana-piechart-panel",
  "info": {
    "description": "Pie chart panel for grafana",
    "author": {
      "name": "Grafana Labs",
      "url": "http://grafana.com"
    },
    "keywords": [
      "piechart",
      "panel"
    ],
    "logos": {
      "small": "img/piechart_logo_small.png",
      "large": "img/piechart_logo_large.png"
    },
    "links": [
      {
        "name": "Project site",
        "url": "https://github.com/grafana/piechart-panel"
      },
      {
        "name": "Blog Post",
        "url": "https://blog.raintank.io/friends-dont-let-friends-abuse-pie-charts/"
      },
      {
        "name": "MIT License",
        "url": "https://github.com/grafana/piechart-panel/blob/master/LICENSE"
      }
    ],
    "screenshots": [
      {
        "name": "Donut!",
        "path": "img/piechart-donut.png"
      },
      {
        "name": "Legend on the graph",
        "path": "img/piechart-legend-on-graph.png"
      },
      {
        "name": "Legend to the right",
        "path": "img/piechart-legend-rhs.png"
      },
      {
        "name": "Legend underneath",
        "path": "img/piechart-legend-under.png"
      },
      {
        "name": "Piechart options",
        "path": "img/piechart-options.png"
      }
    ],
    "version": "1.4.0",
    "updated": "2020-02-04",
    "build": {
      "time": 1580851069476,
      "repo": "git@github.com:grafana/piechart-panel.git",
      "branch": "master",
      "hash": "f85302fa281038ec4b62b5d5621f6fc96a94f73c",
      "number": 130
    }
  },
  "dependencies": {
    "grafanaVersion": "4.6",
    "plugins": []
  }
}